{
  "project_info": {
    "project_number": "553204919841",
    "project_id": "enviroment-64adc",
    "storage_bucket": "enviroment-64adc.appspot.com"
  },
  "client": [
    {
      "client_info": {
        "mobilesdk_app_id": "1:553204919841:android:7d33471f5f905e1bd2bd60",
        "android_client_info": {
          "package_name": "com.example.myapplication"
        }
      },
      "oauth_client": [
        {
          "client_id": "553204919841-2pqcat3k96654cfiv6u64rt1vc6sojrn.apps.googleusercontent.com",
          "client_type": 3
        }
      ],
      "api_key": [
        {
          "current_key": "AIzaSyCmBnLma9r0Z3YcPSwMTtSzyNyYDqaVfKg"
        }
      ],
      "services": {
        "appinvite_service": {
          "other_platform_oauth_client": [
            {
              "client_id": "553204919841-2pqcat3k96654cfiv6u64rt1vc6sojrn.apps.googleusercontent.com",
              "client_type": 3
            }
          ]
        }
      }
    }
  ],
  "configuration_version": "1"
}